Name,Out Datetime,In Datetime,Voltage High (kV),Voltage Low (kV),Duration (minutes),Outage Type,Cause,year,outage_year,threshold
Grand Coulee: 500/230kV CSY Tie Bank,2013-02-06 10:27:00,2013-02-06 11:21:00,500.0,230.0,54,Auto,Foreign Trouble,2013,{2013},49487.0
Olympia: 287/230kV Transformer 3,2013-02-06 10:27:00,2013-02-06 10:54:00,287.0,230.0,27,Auto,Foreign Trouble,2013,{2013},49487.0
Tacoma: 500/230kV Transformer 5,2013-03-25 17:15:00,2013-03-25 17:21:00,500.0,230.0,6,Auto,Other,2013,{2013},49487.0
Big Eddy: 500/230kV Transformer 2,2013-04-10 06:20:00,2013-04-11 21:14:00,500.0,230.0,2334,Auto,Unknown,2013,{2013},49487.0
Olympia: 287/230kV Transformer 3,2013-05-26 12:54:00,2013-05-26 21:52:00,287.0,230.0,538,Auto,Unknown,2013,{2013},49487.0
Maple Valley: 345/230kV Transformer 1,2013-06-16 17:47:00,2013-06-16 17:49:00,345.0,230.0,2,Auto,Lightning,2013,{2013},49487.0
Rocky Reach: 345/230kV Transformer 1,2013-06-16 17:47:00,2013-06-16 17:49:00,345.0,230.0,2,Auto,Lightning,2013,{2013},49487.0
Ponderosa: 500/230kV Transformer 2,2013-07-07 16:08:00,2013-07-07 16:12:00,500.0,230.0,4,Auto,Unknown,2013,{2013},49487.0
Hot Springs: 500/230kV Transformer 1,2013-08-16 15:27:00,2013-08-18 20:17:00,500.0,230.0,3170,Auto,Equipment Failure,2013,{2013},49487.0
Troutdale: 500/230kV Transformer 8,2013-09-03 01:18:00,2013-09-03 16:43:00,500.0,230.0,925,Auto,Unknown,2013,{2013},49487.0
Monroe: 500/230kV Transformer 1,2013-12-16 19:12:00,2013-12-16 19:14:00,500.0,230.0,2,Auto,Equipment Failure,2013,{2013},49487.0
Ponderosa: 500/230kV Transformer 1,2014-01-11 10:52:00,2014-01-11 14:33:00,500.0,230.0,221,Auto,Equipment Failure,2014,{2014},49487.0
Celilo: Converter 1 525/205kV Transformer,2014-01-15 04:50:00,2014-01-15 04:58:00,525.0,205.0,8,Auto,Unknown,2014,{2014},49487.0
Celilo: Converter 2 525/205kV Transformer,2014-01-15 04:50:00,2014-01-15 04:58:00,525.0,205.0,8,Auto,Unknown,2014,{2014},49487.0
Rock Creek: 500/230kV Transformer 1,2014-01-22 20:42:00,2014-01-23 11:39:00,500.0,230.0,897,Auto,Other,2014,{2014},49487.0
Rock Creek: 500/230kV Transformer 1,2014-01-25 04:36:00,2014-01-25 10:31:00,500.0,230.0,355,Auto,Other,2014,{2014},49487.0
Rock Creek: 500/230kV Transformer 1,2014-01-26 01:38:00,2014-01-26 05:04:00,500.0,230.0,206,Auto,Unknown,2014,{2014},49487.0
Sickler: 500/230kV Transformer 1,2014-03-09 13:11:00,2014-03-09 13:14:00,500.0,230.0,3,Auto,Other,2014,{2014},49487.0
Maple Valley: 500/230kV Transformer 2,2014-03-21 07:42:00,2014-03-21 08:13:00,500.0,230.0,31,Auto,Equipment Failure,2014,{2014},49487.0
Keeler: 500/230kV Transformer 2,2014-04-17 16:02:00,2014-04-17 17:41:00,500.0,230.0,99,Auto,Equipment Failure,2014,{2014},49487.0
McNary: 500/230kV Transformer 1,2014-05-14 13:53:00,2014-05-14 14:05:00,500.0,230.0,12,Auto,Other,2014,{2014},49487.0
Olympia: 287/230kV Transformer 3,2014-07-14 16:11:00,2014-07-14 16:15:00,287.0,230.0,4,Auto,Lightning,2014,{2014},49487.0
Grand Coulee: 287/230kV Transformer 1,2014-07-14 16:11:00,2014-07-14 16:15:00,287.0,230.0,4,Auto,Lightning,2014,{2014},49487.0
Olympia: 287/230kV Transformer 3,2014-07-14 16:23:00,2014-07-14 16:25:00,287.0,230.0,2,Auto,Lightning,2014,{2014},49487.0
Grand Coulee: 287/230kV Transformer 1,2014-07-14 16:23:00,2014-07-14 16:25:00,287.0,230.0,2,Auto,Lightning,2014,{2014},49487.0
Olympia: 287/230kV Transformer 3,2014-07-14 17:18:00,2014-07-14 20:57:00,287.0,230.0,219,Auto,Weather,2014,{2014},49487.0
Grand Coulee: 287/230kV Transformer 1,2014-07-14 17:18:00,2014-07-14 20:57:00,287.0,230.0,219,Auto,Weather,2014,{2014},49487.0
Celilo: Converter 2 525/205kV Transformer,2014-07-23 07:06:00,2014-07-23 07:29:00,525.0,205.0,23,Auto,Equipment Failure,2014,{2014},49487.0
Ponderosa: 500/230kV Transformer 1,2014-07-31 12:58:00,2014-07-31 18:00:00,500.0,230.0,302,Auto,Equipment Failure,2014,{2014},49487.0
Celilo: Converter 1 525/205kV Transformer,2014-08-01 02:17:00,2014-08-01 02:43:00,525.0,205.0,26,Auto,Equipment Failure,2014,{2014},49487.0
Celilo: Converter 1 525/205kV Transformer,2014-08-01 03:05:00,2014-08-01 09:39:00,525.0,205.0,394,Auto,Equipment Failure,2014,{2014},49487.0
Maple Valley: 345/230kV Transformer 1,2014-08-05 16:06:00,2014-08-05 16:09:00,345.0,230.0,3,Auto,Weather,2014,{2014},49487.0
Rocky Reach: 345/230kV Transformer 1,2014-08-05 16:06:00,2014-08-05 16:09:00,345.0,230.0,3,Auto,Weather,2014,{2014},49487.0
Maple Valley: 345/230kV Transformer 1,2014-08-05 16:32:00,2014-08-05 22:13:00,345.0,230.0,341,Auto,Weather,2014,{2014},49487.0
Rocky Reach: 345/230kV Transformer 1,2014-08-05 16:32:00,2014-08-05 22:13:00,345.0,230.0,341,Auto,Weather,2014,{2014},49487.0
Chief Joseph: 345/230kV Transformer 1,2014-08-14 03:32:00,2014-08-14 03:33:00,345.0,230.0,1,Auto,Lightning,2014,{2014},49487.0
Snohomish: 345/230kV Transformer 5,2014-08-14 03:32:00,2014-08-14 03:33:00,345.0,230.0,1,Auto,Lightning,2014,{2014},49487.0
Big Eddy: 500/230kV Transformer 2,2014-10-16 10:18:00,2014-10-16 10:22:00,500.0,230.0,4,Auto,Other,2014,{2014},49487.0
Hatwai: 500/230kV Transformer 1,2014-10-28 07:57:00,2014-10-28 08:15:00,500.0,230.0,18,Auto,Other,2014,{2014},49487.0
John Day: 500/230kV Transformer 1,2014-11-14 21:05:00,2014-11-15 10:36:00,500.0,230.0,811,Auto,Unknown,2014,{2014},49487.0
Central Ferry: 500/230kV Transformer 1,2014-11-19 16:34:00,2014-11-19 17:05:00,500.0,230.0,31,Auto,Other,2014,{2014},49487.0
Hatwai: 500/230kV Transformer 1,2014-11-29 07:53:00,2014-11-29 08:07:00,500.0,230.0,14,Auto,Equipment Failure,2014,{2014},49487.0
Snohomish: 230/115kV Transformer 3,2015-01-20 11:37:00,2015-01-20 13:02:00,230.0,115.0,85,Auto,Equipment Failure,2015,{2015},49487.0
Snohomish: 230/115kV Transformer 3,2015-01-20 13:12:00,2015-01-20 16:46:00,230.0,115.0,214,Auto,Equipment Failure,2015,{2015},49487.0
McNary: 500/230kV Transformer 1,2015-01-28 07:31:00,2015-01-28 09:53:00,500.0,230.0,142,Auto,Equipment Failure,2015,{2015},49487.0
Maple Valley: 345/230kV Transformer 1,2015-02-16 13:27:00,2015-02-16 13:33:00,345.0,230.0,6,Auto,Unknown,2015,{2015},49487.0
Rocky Reach: 345/230kV Transformer 1,2015-02-16 13:27:00,2015-02-16 13:33:00,345.0,230.0,6,Auto,Unknown,2015,{2015},49487.0
Aberdeen: 230/115kV Transformer 4,2015-03-26 13:10:00,2015-03-26 13:13:00,230.0,115.0,3,Auto,Other,2015,{2015},49487.0
Aberdeen: 230/115kV Transformer 5,2015-03-26 13:10:00,2015-03-26 13:13:00,230.0,115.0,3,Auto,Other,2015,{2015},49487.0
McNary: 345/230kV Transformer 8,2015-03-30 02:22:00,2015-03-30 22:08:00,345.0,230.0,1186,Auto,Unknown,2015,{2015},49487.0
Ross: 345/230kV Transformer 4,2015-03-30 02:22:00,2015-03-30 22:08:00,345.0,230.0,1186,Auto,Unknown,2015,{2015},49487.0
Maple Valley: 345/230kV Transformer 1,2015-05-23 16:22:00,2015-05-23 16:26:00,345.0,230.0,4,Auto,Lightning,2015,{2015},49487.0
Rocky Reach: 345/230kV Transformer 1,2015-05-23 16:22:00,2015-05-23 16:26:00,345.0,230.0,4,Auto,Lightning,2015,{2015},49487.0
Maple Valley: 345/230kV Transformer 1,2015-05-25 15:15:00,2015-05-25 15:26:00,345.0,230.0,11,Auto,Lightning,2015,{2015},49487.0
Rocky Reach: 345/230kV Transformer 1,2015-05-25 15:15:00,2015-05-25 15:26:00,345.0,230.0,11,Auto,Lightning,2015,{2015},49487.0
Swan Valley: 161/115kV Transformer 3,2015-05-26 10:59:00,2015-05-26 11:00:00,161.0,115.0,1,Auto,Lightning,2015,{2015},49487.0
Boundary: 230/115kV Transformer 1,2015-06-01 16:15:00,2015-06-01 18:43:00,230.0,115.0,148,Auto,Unknown,2015,{2015},49487.0
Bell: 230/115kV Transformer 6,2015-06-22 11:25:00,2015-06-22 11:38:00,230.0,115.0,13,Auto,Other,2015,{2015},49487.0
Hatwai: 500/230kV Transformer 1,2015-07-14 23:47:00,2015-07-22 19:25:00,500.0,230.0,11258,Auto,Unknown,2015,{2015},49487.0
Big Eddy: 230/115kV Transformer 1,2015-07-24 15:44:00,2015-07-24 15:47:00,230.0,115.0,3,Auto,Other,2015,{2015},49487.0
Sno-King: 500/230kV Transformer 4,2015-07-27 08:38:00,2015-07-27 08:40:00,500.0,230.0,2,Auto,Unknown,2015,{2015},49487.0
Tahkenitch: 230/115kV Transformer 1,2015-08-31 08:34:00,2015-08-31 08:36:00,230.0,115.0,2,Auto,Foreign Trouble,2015,{2015},49487.0
Garrison: 500/230kV Transformer 1,2015-09-02 09:03:00,2015-09-02 09:28:00,500.0,230.0,25,Auto,Other,2015,{2015},49487.0
Happy Valley: 230/115kV Transformer 1,2015-11-13 02:37:00,2015-11-13 02:42:00,230.0,115.0,5,Auto,Unknown,2015,{2015},49487.0
Big Eddy: 500/230kV Transformer 2,2015-11-25 10:49:00,2015-12-03 10:49:00,500.0,230.0,11520,Auto,Unknown,2015,{2015},49487.0
Ponderosa: 500/230kV Transformer 1,2015-11-25 18:49:00,2015-11-25 18:52:00,500.0,230.0,3,Auto,Unknown,2015,{2015},49487.0
Ponderosa: 500/230kV Transformer 1,2015-11-25 19:33:00,2015-11-25 19:36:00,500.0,230.0,3,Auto,Unknown,2015,{2015},49487.0
Sno-King: 500/230kV Transformer 4,2015-12-09 03:20:00,2015-12-09 10:20:00,500.0,230.0,420,Auto,Wind,2015,{2015},49487.0
Grand Coulee: 287/230kV Transformer 1,2015-12-09 03:35:00,2015-12-09 04:39:00,287.0,230.0,64,Auto,Unknown,2015,{2015},49487.0
Olympia: 287/230kV Transformer 3,2015-12-09 03:35:00,2015-12-09 04:39:00,287.0,230.0,64,Auto,Unknown,2015,{2015},49487.0
Grand Coulee: 287/230kV Transformer 1,2015-12-09 04:42:00,2015-12-09 23:02:00,287.0,230.0,1100,Auto,Wind,2015,{2015},49487.0
Olympia: 287/230kV Transformer 3,2015-12-09 04:42:00,2015-12-09 23:02:00,287.0,230.0,1100,Auto,Wind,2015,{2015},49487.0
Lane: 500/230kV Transformer 3,2015-12-10 01:01:00,2015-12-10 05:13:00,500.0,230.0,252,Auto,Weather,2015,{2015},49487.0
McNary: 345/230kV Transformer 8,2015-12-15 14:01:00,2015-12-16 20:50:00,345.0,230.0,1849,Auto,Unknown,2015,{2015},49487.0
Ross: 345/230kV Transformer 4,2015-12-15 14:01:00,2015-12-16 20:50:00,345.0,230.0,1849,Auto,Unknown,2015,{2015},49487.0
Happy Valley: 230/115kV Transformer 1,2015-12-17 12:22:00,2015-12-17 12:30:00,230.0,115.0,8,Auto,Unknown,2015,{2015},49487.0
Covington: 500/230kV Transformer 5,2016-01-08 08:01:00,2016-01-08 15:16:00,500.0,230.0,435,Auto,Equipment Failure,2016,{2016},49487.0
McNary: 345/230kV Transformer 8,2016-02-28 14:26:00,2016-02-29 23:19:00,345.0,230.0,1973,Auto,Other,2016,{2016},49487.0
Ross: 345/230kV Transformer 4,2016-02-28 14:26:00,2016-02-29 23:19:00,345.0,230.0,1973,Auto,Other,2016,{2016},49487.0
Garrison: 500/230kV Transformer 1,2016-02-29 06:47:00,2016-03-03 14:19:00,500.0,230.0,4772,Auto,Other,2016,{2016},49487.0
St. Johns: 230/115kV Transformer 1,2016-03-01 12:48:00,2016-03-01 12:52:00,230.0,115.0,4,Auto,Other,2016,{2016},49487.0
Pearl: 500/230kV Transformer 2,2016-03-10 16:52:00,2016-03-11 17:26:00,500.0,230.0,1474,Auto,Other,2016,{2016},49487.0
Lane: 230/115kV Transformer 1,2016-03-15 15:00:00,2016-03-15 19:35:00,230.0,115.0,275,Auto,Equipment Failure,2016,{2016},49487.0
Lane: 230/115kV Transformer 1,2016-03-16 13:07:00,2016-03-16 13:20:00,230.0,115.0,13,Auto,Other,2016,{2016},49487.0
Swan Valley: 161/115kV Transformer 3,2016-03-17 01:40:00,2016-03-17 01:42:00,161.0,115.0,2,Auto,Weather,2016,{2016},49487.0
Custer: 500/230kV Transformer 2,2016-03-17 12:06:00,2016-03-17 14:17:00,500.0,230.0,131,Auto,Other,2016,{2016},49487.0
Satsop: 500/230kV Transformer 1,2016-03-29 10:36:00,2016-03-29 11:56:00,500.0,230.0,80,Auto,Other,2016,{2016},49487.0
Potlatch: 115/12.5kV Transformer 2,2016-04-20 23:31:00,2016-04-21 01:15:00,115.0,12.5,104,Auto,Unknown,2016,{2016},49487.0
Kitsap: 230/115kV Transformer 2,2016-04-29 06:48:00,2016-05-06 18:33:00,230.0,115.0,10785,Auto,Equipment Failure,2016,{2016},49487.0
Carlton: 230/115kV Transformer 1,2016-06-04 06:39:00,2016-06-04 08:50:00,230.0,115.0,131,Auto,Other,2016,{2016},49487.0
Tillamook: 230/115kV Transformer 2,2016-06-04 06:39:00,2016-06-04 08:49:00,230.0,115.0,130,Auto,Other,2016,{2016},49487.0
Grand Coulee: 287/230kV Transformer 1,2016-06-16 03:42:00,2016-06-16 03:46:00,287.0,230.0,4,Auto,Unknown,2016,{2016},49487.0
Olympia: 287/230kV Transformer 3,2016-06-16 03:42:00,2016-06-16 03:46:00,287.0,230.0,4,Auto,Unknown,2016,{2016},49487.0
Drummond: 161/115kV Transformer 5,2016-07-19 15:45:00,2016-07-19 18:24:00,161.0,116.0,159,Auto,Equipment Failure,2016,{2016},49487.0
Swan Valley: 161/115kV Transformer 3,2016-07-19 15:45:00,2016-07-19 18:02:00,161.0,115.0,137,Auto,Equipment Failure,2016,{2016},49487.0
Goshen: 161/115kV Transformer 1,2016-07-20 00:01:00,2016-07-20 04:29:00,161.0,115.0,268,Auto,Equipment Failure,2016,{2016},49487.0
Goshen: 161/115kV Transformer 2,2016-07-20 00:01:00,2016-07-20 04:29:00,161.0,115.0,268,Auto,Equipment Failure,2016,{2016},49487.0
Olympia: 500/230kV Transformer 5,2016-07-22 02:51:00,2016-07-22 02:52:00,500.0,230.0,1,Auto,Lightning,2016,{2016},49487.0
Ponderosa: 500/230kV Transformer 2,2016-08-06 17:39:00,2016-08-06 17:46:00,500.0,230.0,7,Auto,Unknown,2016,{2016},49487.0
Maple Valley: 345/230kV Transformer 1,2016-08-12 15:05:00,2016-08-13 01:56:00,345.0,230.0,651,Auto,Equipment Failure,2016,{2016},49487.0
Rocky Reach: 345/230kV Transformer 1,2016-08-12 15:05:00,2016-08-13 01:56:00,345.0,230.0,651,Auto,Equipment Failure,2016,{2016},49487.0
Rogue: 230/115kV Transformer 1,2016-08-23 18:50:00,2016-08-23 22:53:00,230.0,115.0,243,Auto,Equipment Failure,2016,{2016},49487.0
Bell: 500/230kV Transformer 1,2016-08-24 07:56:00,2016-08-24 08:27:00,500.0,230.0,31,Auto,Other,2016,{2016},49487.0
Maple Valley: 500/230kV Transformer 2,2016-09-01 10:55:00,2016-09-01 11:04:00,500.0,230.0,9,Auto,Other,2016,{2016},49487.0
Ponderosa: 500/230kV Transformer 2,2016-09-13 01:39:00,2016-09-13 01:41:00,500.0,230.0,2,Auto,Other,2016,{2016},49487.0
Longview: 230/115kV Transformer 3,2016-10-05 10:14:00,2016-10-05 10:21:00,230.0,115.0,7,Auto,Other,2016,{2016},49487.0
Ponderosa: 500/230kV Transformer 1,2016-10-12 12:49:00,2016-10-12 12:52:00,500.0,230.0,3,Auto,Other,2016,{2016},49487.0
Olympia: 230/115kV Transformer 1,2016-10-14 13:05:00,2016-10-14 13:22:00,230.0,115.0,17,Auto,Weather,2016,{2016},49487.0
Grand Coulee: 500/230kV CSY Tie Bank,2016-10-21 00:58:00,2016-10-21 01:57:00,500.0,230.0,59,Auto,Equipment Failure,2016,{2016},49487.0
Grand Coulee: 287/230kV Transformer 1,2016-10-21 00:58:00,2016-10-21 01:35:00,287.0,230.0,37,Auto,Other,2016,{2016},49487.0
Olympia: 287/230kV Transformer 3,2016-10-21 00:58:00,2016-10-21 01:35:00,287.0,230.0,37,Auto,Other,2016,{2016},49487.0
Ross: 230/115kV Transformer 1,2016-10-28 16:38:00,2016-11-08 16:06:00,230.0,115.0,15868,Auto,Equipment Failure,2016,{2016},49487.0
Drummond: 161/115kV Transformer 5,2016-10-30 20:05:00,2016-10-30 20:06:00,161.0,116.0,1,Auto,Lightning,2016,{2016},49487.0
Olympia: 500/230kV Transformer 5,2016-11-18 07:58:00,2016-11-18 08:05:00,500.0,230.0,7,Auto,Other,2016,{2016},49487.0
Slatt: 500/230kV Transformer 1,2016-12-06 04:17:00,2016-12-06 16:41:00,500.0,230.0,744,Auto,Unknown,2016,{2016},49487.0
Sacajawea: 500/115kV Transformer 1,2016-12-16 18:10:00,2016-12-16 18:35:00,500.0,115.0,25,Auto,Equipment Failure,2016,{2016},49487.0
Pearl: 500/230kV Transformer 1,2016-12-23 07:44:00,2016-12-23 17:20:00,500.0,230.0,576,Auto,Equipment Failure,2016,{2016},49487.0
Salem: 230/115kV Transformer 1,2017-02-03 10:51:00,2017-02-03 10:56:00,230.0,115.0,5,Auto,Other,2017,{2017},49487.0
Salem: 230/115kV Transformer 1,2017-02-03 11:17:00,2017-02-03 11:52:00,230.0,115.0,35,Auto,Other,2017,{2017},49487.0
Grand Coulee: 230/115kV Bank KX2A Switchyard Tie,2017-03-07 06:49:00,2017-03-07 08:50:00,230.0,115.0,121,Auto,Other,2017,{2017},49487.0
Drummond: 161/115kV Transformer 5/Spare,2017-03-11 03:44:00,2017-03-11 05:50:00,161.0,116.0,126,Auto,Unknown,2017,{2017},49487.0
Sacajawea: 500/115kV Transformer 1,2017-03-17 13:09:00,2017-03-17 13:31:00,500.0,115.0,22,Auto,Other,2017,{2017},49487.0
Celilo: Pole 4 540/240/240kV Transformer,2017-04-06 22:52:00,2017-04-07 10:54:00,540.0,240.0,722,Auto,Weather,2017,{2017},49487.0
Albany: 230/115kV Transformer 1,2017-04-11 12:37:00,2017-04-11 13:08:00,230.0,115.0,31,Auto,Other,2017,{2017},49487.0
Rock Creek: 500/230kV Transformer 1,2017-05-04 21:09:00,2017-05-04 22:01:00,500.0,230.0,52,Auto,Other,2017,{2017},49487.0
Benton: 230/115kV Transformer 1,2017-05-04 21:49:00,2017-05-04 21:50:00,230.0,115.0,1,Auto,Other,2017,{2017},49487.0
Grand Coulee: 287/230kV Transformer 1,2017-05-04 23:29:00,2017-05-04 23:30:00,287.0,230.0,1,Auto,Lightning,2017,{2017},49487.0
Olympia: 287/230kV Transformer 3,2017-05-04 23:29:00,2017-05-04 23:30:00,287.0,230.0,1,Auto,Other,2017,{2017},49487.0
Franklin: 230/115kV Transformer 4,2017-05-11 15:23:00,2017-05-11 15:45:00,230.0,115.0,22,Auto,Lightning,2017,{2017},49487.0
Celilo: Pole 3 540/240/240kV Transformer,2017-05-19 12:57:00,2017-05-19 16:41:00,540.0,240.0,224,Auto,Equipment Failure,2017,{2017},49487.0
Addy: 230/115kV Transformer 3,2017-05-26 03:36:00,2017-05-26 06:14:00,230.0,115.0,158,Auto,Other,2017,{2017},49487.0
Sno-King: 500/230kV Transformer 4,2017-05-30 07:23:00,2017-05-30 16:21:00,500.0,230.0,538,Auto,Equipment Failure,2017,{2017},49487.0
Olympia: 287/230kV Transformer 3,2017-06-08 18:06:00,2017-06-08 18:14:00,287.0,230.0,8,Auto,Lightning,2017,{2017},49487.0
Grand Coulee: 287/230kV Transformer 1,2017-06-08 18:06:00,2017-06-08 18:14:00,287.0,230.0,8,Auto,Lightning,2017,{2017},49487.0
Ponderosa: 500/230kV Transformer 1,2017-06-11 17:03:00,2017-06-11 17:07:00,500.0,230.0,4,Auto,Unknown,2017,{2017},49487.0
Celilo: Pole 4 540/240/240kV Transformer,2017-06-16 05:14:00,2017-06-16 10:35:00,540.0,240.0,321,Auto,Equipment Failure,2017,{2017},49487.0
Bell: 230/115kV Transformer 6,2017-06-26 19:31:00,2017-06-26 19:34:00,230.0,115.0,3,Auto,Equipment Failure,2017,{2017},49487.0
Troutdale: 500/230kV Transformer 8,2017-06-27 13:42:00,2017-06-27 13:53:00,500.0,230.0,11,Auto,Equipment Failure,2017,{2017},49487.0
Celilo: Pole 3 540/240/240kV Transformer,2017-06-29 08:10:00,2017-06-29 10:29:00,540.0,240.0,139,Auto,Other,2017,{2017},49487.0
Celilo: Pole 4 540/240/240kV Transformer,2017-07-13 11:27:00,2017-07-13 17:03:00,540.0,240.0,336,Auto,Other,2017,{2017},49487.0
Celilo: Pole 3 540/240/240kV Transformer,2017-07-26 16:11:00,2017-07-26 16:22:00,540.0,240.0,11,Auto,Other,2017,{2017},49487.0
East Omak: 230/115kV Transformer 1,2017-07-28 00:54:00,2017-07-28 03:15:00,230.0,115.0,141,Auto,Unknown,2017,{2017},49487.0
Tahkenitch: 230/115kV Transformer 1,2017-08-03 15:39:00,2017-08-04 17:19:00,230.0,115.0,1540,Auto,Equipment Failure,2017,{2017},49487.0
Drummond: 161/115kV Transformer 5/Spare,2017-08-10 14:10:00,2017-08-11 13:52:00,161.0,116.0,1422,Auto,Equipment Failure,2017,{2017},49487.0
Custer: 500/230kV Transformer 1,2017-08-19 09:21:00,2017-08-19 10:55:00,500.0,230.0,94,Auto,Other,2017,{2017},49487.0
Albany: 230/115kV Transformer 1,2017-08-28 15:08:00,2017-08-28 15:25:00,230.0,115.0,17,Auto,Other,2017,{2017},49487.0
Fairview: 230/115kV Transformer 1,2017-09-07 12:00:00,2017-09-07 13:21:00,230.0,115.0,81,Auto,Foreign Trouble,2017,{2017},49487.0
Drummond: 161/115kV Transformer 5/Spare,2017-09-14 12:28:00,2017-09-14 12:31:00,161.0,116.0,3,Auto,Other,2017,{2017},49487.0
Covington: 500/230kV Transformer 5,2017-09-18 07:55:00,2017-09-19 12:14:00,500.0,230.0,1699,Auto,Equipment Failure,2017,{2017},49487.0
Drummond: 161/115kV Transformer 5/Spare,2017-10-10 10:16:00,2017-10-10 12:13:00,161.0,116.0,117,Auto,Equipment Failure,2017,{2017},49487.0
Sno-King: 500/230kV Transformer 4,2017-10-24 15:29:00,2017-10-26 16:00:00,500.0,230.0,2911,Auto,Foreign Trouble,2017,{2017},49487.0
Grand Coulee: 500/230kV CSY Tie Bank,2017-11-07 11:25:00,2017-11-07 15:59:00,500.0,230.0,274,Auto,Other,2017,{2017},49487.0
Ross: 230/115kV Transformer 1,2017-11-08 13:41:00,2017-11-08 14:16:00,230.0,115.0,35,Auto,Other,2017,{2017},49487.0
Clatsop: 230/115kV Transformer 1,2017-11-13 15:29:00,2017-11-14 01:53:00,230.0,115.0,624,Auto,Wind,2017,{2017},49487.0
Columbia Falls: 230/115kV Transformer 2,2017-11-17 05:07:00,2017-11-17 06:07:00,230.0,115.0,60,Auto,Equipment Failure,2017,{2017},49487.0
Columbia Falls: 230/115kV Transformer 3,2017-11-17 05:07:00,2017-11-17 08:15:00,230.0,115.0,188,Auto,Equipment Failure,2017,{2017},49487.0
Goshen: 161/115kV Transformer 1,2018-01-19 08:12:00,2018-01-19 09:32:00,161.0,115.0,80,Auto,Equipment Failure,2018,{2018},49487.0
Goshen: 161/115kV Transformer 2,2018-01-19 08:12:00,2018-01-19 09:32:00,161.0,115.0,80,Auto,Equipment Failure,2018,{2018},49487.0
Covington: 500/230kV Transformer 4,2018-01-24 15:52:00,2018-01-24 21:28:00,500.0,230.0,336,Auto,Equipment Failure,2018,{2018},49487.0
Lane: 230/115kV Transformer 2,2018-01-31 16:29:00,2018-01-31 16:32:00,230.0,115.0,3,Auto,Other,2018,{2018},49487.0
Grand Coulee: 500/230kV CSY Tie Bank,2018-02-06 13:57:00,2018-02-06 14:33:00,500.0,230.0,36,Auto,Other,2018,{2018},49487.0
Drummond: 161/115kV Transformer 4,2018-03-15 23:27:00,2018-03-16 01:57:00,161.0,115.0,150,Auto,Equipment Failure,2018,{2018},49487.0
Drummond: 161/115kV Transformer 4,2018-04-07 18:18:00,2018-04-07 18:19:00,161.0,115.0,1,Auto,Wind,2018,{2018},49487.0
Fairview: 230/115kV Transformer 1,2018-05-25 14:59:00,2018-05-25 15:17:00,230.0,115.0,18,Auto,Equipment Failure,2018,{2018},49487.0
Addy: 230/115kV Transformer 3,2018-06-22 19:26:00,2018-06-22 22:35:00,230.0,115.0,189,Auto,Lightning,2018,{2018},49487.0
Chief Joseph: 345/230kV Transformer 2,2018-06-25 02:39:00,2018-06-25 02:41:00,345.0,230.0,2,Auto,Lightning,2018,{2018},49487.0
Snohomish: 345/230kV Transformer 6,2018-06-25 02:39:00,2018-06-25 02:41:00,345.0,230.0,2,Auto,Lightning,2018,{2018},49487.0
Troutdale: 500/230kV Transformer 8,2018-07-16 15:17:00,2018-07-16 15:20:00,500.0,230.0,3,Auto,Unknown,2018,{2018},49487.0
Olympia: 230/115kV Transformer 1,2018-09-04 07:41:00,2018-09-04 07:53:00,230.0,115.0,12,Auto,Equipment Failure,2018,{2018},49487.0
Olympia: 230/115kV Transformer 2,2018-09-04 07:41:00,2018-09-04 07:52:00,230.0,115.0,11,Auto,Equipment Failure,2018,{2018},49487.0
Keeler: 230/115kV Transformer 3,2018-10-01 14:24:00,2018-10-01 21:49:00,230.0,115.0,445,Auto,Equipment Failure,2018,{2018},49487.0
St. Johns: 230/115kV Transformer 1,2018-10-23 18:56:00,2018-10-25 13:12:00,230.0,115.0,2536,Auto,Equipment Failure,2018,{2018},49487.0
Vantage: 500/230kV Transformer 2,2018-10-25 10:48:00,2018-10-25 20:57:00,500.0,230.0,609,Auto,Other,2018,{2018},49487.0
Columbia Falls: 230/115kV Transformer 2,2018-10-31 12:50:00,2018-10-31 13:53:00,230.0,115.0,63,Auto,Other,2018,{2018},49487.0
Columbia Falls: 230/115kV Transformer 3,2018-10-31 12:50:00,2018-10-31 12:56:00,230.0,115.0,6,Auto,Other,2018,{2018},49487.0
Satsop: 500/230kV Transformer 1,2018-12-14 16:54:00,2018-12-14 17:32:00,500.0,230.0,38,Auto,Wind,2018,{2018},49487.0
Keeler: 230/115kV Transformer 1,2018-12-17 09:07:00,2018-12-18 10:01:00,230.0,115.0,1494,Auto,Unknown,2018,{2018},49487.0
Celilo: Pole 3 540/240/240kV Transformer,2018-12-24 06:04:00,2018-12-24 12:12:00,540.0,240.0,368,Auto,Equipment Failure,2018,{2018},49487.0
Ross: 230/115kV Transformer 1,2019-01-05 22:45:00,2019-01-05 23:54:00,230.0,115.0,69,Auto,Equipment Failure,2019,{2019},49487.0
Ross: 230/115kV Transformer 2,2019-01-05 22:45:00,2019-01-05 23:54:00,230.0,115.0,69,Auto,Equipment Failure,2019,{2019},49487.0
Covington: 500/230kV Transformer 5,2019-01-16 21:22:00,2019-01-18 13:47:00,500.0,230.0,2425,Auto,Equipment Failure,2019,{2019},49487.0
Grand Coulee: 500/230kV CSY Tie Bank,2019-01-30 00:17:00,2019-01-30 12:43:00,500.0,230.0,746,Auto,Equipment Failure,2019,{2019},49487.0
Hatwai: 500/230kV Transformer 1,2019-02-07 05:40:00,2019-02-10 10:54:00,500.0,230.0,4634,Auto,Equipment Failure,2019,{2019},49487.0
Midway: 230/115kV Transformer 3,2019-02-22 15:32:00,2019-02-26 16:23:00,230.0,115.0,5811,Auto,Equipment Failure,2019,{2019},49487.0
Columbia Falls: 230/115kV Transformer 2,2019-03-07 12:16:00,2019-03-07 12:18:00,230.0,115.0,2,Auto,Other,2019,{2019},49487.0
Celilo: Pole 3 540/240/240kV Transformer,2019-03-12 16:41:00,2019-03-12 18:16:00,540.0,240.0,95,Auto,Other,2019,{2019},49487.0
Celilo: Pole 4 540/240/240kV Transformer,2019-03-27 04:15:00,2019-03-27 11:01:00,540.0,240.0,406,Auto,Other,2019,{2019},49487.0
Hot Springs: 500/230kV Transformer 1,2019-04-04 10:13:00,2019-04-04 12:20:00,500.0,230.0,127,Auto,Equipment Failure,2019,{2019},49487.0
Ponderosa: 500/230kV Transformer 1,2019-04-11 19:48:00,2019-04-11 19:53:00,500.0,230.0,5,Auto,Other,2019,{2019},49487.0
Hatwai: 500/230kV Transformer 1,2019-05-28 14:54:00,2019-05-28 15:05:00,500.0,230.0,11,Auto,Other,2019,{2019},49487.0
Albany: 230/115kV Transformer 1,2019-06-07 12:37:00,2019-06-07 13:46:00,230.0,115.0,69,Auto,Unknown,2019,{2019},49487.0
Fairview: 230/115kV Transformer 1,2019-06-25 06:27:00,2019-06-25 06:40:00,230.0,115.0,13,Auto,Equipment Failure,2019,{2019},49487.0
Swan Valley: 161/115kV Transformer 3,2019-06-26 12:43:00,2019-06-26 13:02:00,161.0,115.0,19,Auto,Other,2019,{2019},49487.0
Keeler: 500/230kV Transformer 2,2019-06-26 18:43:00,2019-06-26 21:00:00,500.0,230.0,137,Auto,Other,2019,{2019},49487.0
Chief Joseph: 345/230kV Transformer 2,2019-06-27 13:50:00,2019-06-27 17:13:00,345.0,230.0,203,Auto,Other,2019,{2019},49487.0
Snohomish: 345/230kV Transformer 6,2019-06-27 13:50:00,2019-06-27 17:13:00,345.0,230.0,203,Auto,Other,2019,{2019},49487.0
Hatwai: 500/230kV Transformer 1,2019-06-28 14:25:00,2019-06-28 16:58:00,500.0,230.0,153,Auto,Equipment Failure,2019,{2019},49487.0
Keeler: 230/115kV Transformer 3,2019-07-01 17:01:00,2019-07-02 15:28:00,230.0,115.0,1347,Auto,Lightning,2019,{2019},49487.0
Hatwai: 500/230kV Transformer 1,2019-07-05 19:52:00,2019-07-10 02:00:00,500.0,230.0,6128,Auto,Unknown,2019,{2019},49487.0
Chief Joseph: 345/230kV Transformer 1,2019-07-24 15:36:00,2019-07-25 20:11:00,345.0,230.0,1715,Auto,Weather,2019,{2019},49487.0
Snohomish: 345/230kV Transformer 5,2019-07-24 15:36:00,2019-07-25 20:11:00,345.0,230.0,1715,Auto,Weather,2019,{2019},49487.0
Chief Joseph: 345/230kV Transformer 2,2019-07-24 15:38:00,2019-07-25 20:29:00,345.0,230.0,1731,Auto,Weather,2019,{2019},49487.0
Snohomish: 345/230kV Transformer 6,2019-07-24 15:38:00,2019-07-25 20:29:00,345.0,230.0,1731,Auto,Weather,2019,{2019},49487.0
Shelton: 230/115kV Transformer 1,2019-07-31 11:45:00,2019-08-02 13:26:00,230.0,115.0,2981,Auto,Equipment Failure,2019,{2019},49487.0
McNary: 500/230kV Transformer 1,2019-08-05 17:23:00,2019-08-06 01:11:00,500.0,230.0,468,Auto,Equipment Failure,2019,{2019},49487.0
McNary: 230/115kV Transformer 11,2019-08-05 17:23:00,2019-08-05 19:51:00,230.0,115.0,148,Auto,Equipment Failure,2019,{2019},49487.0
Chief Joseph: 345/230kV Transformer 2,2019-09-08 00:27:00,2019-09-08 11:13:00,345.0,230.0,646,Auto,Lightning,2019,{2019},49487.0
Snohomish: 345/230kV Transformer 6,2019-09-08 00:27:00,2019-09-08 11:13:00,345.0,230.0,646,Auto,Lightning,2019,{2019},49487.0
Addy: 230/115kV Transformer 3,2019-09-29 16:18:00,2019-09-30 15:30:00,230.0,115.0,1392,Auto,Wind,2019,{2019},49487.0
East Omak: 230/115kV Transformer 1,2019-11-16 01:28:00,2019-11-16 01:46:00,230.0,115.0,18,Auto,Unknown,2019,{2019},49487.0
Maple Valley: 500/230kV Transformer 2,2019-12-03 16:26:00,2019-12-03 17:59:00,500.0,230.0,93,Auto,Other,2019,{2019},49487.0
Fairview: 230/115kV Transformer 1,2019-12-29 14:47:00,2019-12-29 14:52:00,230.0,115.0,5,Auto,Equipment Failure,2019,{2019},49487.0
Chief Joseph: 345/230kV Transformer 2,2020-01-11 00:00:00,2020-01-11 00:05:00,345.0,230.0,5,Auto,Unknown,2020,{2020},49487.0
Snohomish: 345/230kV Transformer 6,2020-01-11 00:00:00,2020-01-11 00:05:00,345.0,230.0,5,Auto,Unknown,2020,{2020},49487.0
Addy: 230/115kV Transformer 3,2020-01-13 10:02:00,2020-01-13 21:24:00,230.0,115.0,682,Auto,Other,2020,{2020},49487.0
Big Eddy: 500/230kV Transformer 5,2020-01-13 14:06:00,2020-01-13 21:30:00,500.0,230.0,444,Auto,Other,2020,{2020},49487.0
Chief Joseph: 345/230kV Transformer 2,2020-01-14 07:56:00,2020-01-15 16:24:00,345.0,230.0,1948,Auto,Other,2020,{2020},49487.0
Snohomish: 345/230kV Transformer 6,2020-01-14 07:56:00,2020-01-15 16:24:00,345.0,230.0,1948,Auto,Other,2020,{2020},49487.0
Usk: 230/115 Transformer T1,2020-01-27 13:30:00,2020-01-27 15:17:00,230.0,115.0,107,Auto,Unknown,2020,{2020},49487.0
Big Eddy: 500/230kV Transformer 5,2020-04-11 07:29:00,2020-04-11 13:51:00,500.0,230.0,382,Auto,Equipment Failure,2020,{2020},49487.0
Alvey: 500/230kV Transformer 5,2020-05-30 06:08:00,2020-05-30 06:10:00,500.0,230.0,2,Auto,Other,2020,{2020},49487.0
Addy: 230/115kV Transformer 3,2020-05-30 20:47:00,2020-05-30 22:13:00,230.0,115.0,86,Auto,Other,2020,{2020},49487.0
Benton: 230/115kV Transformer 1,2020-05-31 13:07:00,2020-06-03 16:43:00,230.0,115.0,4536,Auto,Other,2020,{2020},49487.0
Tacoma: 500/230kV Transformer 5,2020-06-09 11:21:00,2020-06-09 11:59:00,500.0,230.0,38,Auto,Other,2020,{2020},49487.0
Boundary: 230/115kV Transformer 1,2020-07-27 14:13:00,2020-07-27 17:56:00,230.0,115.0,223,Auto,Other,2020,{2020},49487.0
East Omak: 230/115kV Transformer 1,2020-09-07 12:32:00,2020-09-07 19:54:00,230.0,115.0,442,Auto,Unknown,2020,{2020},49487.0
Chief Joseph: 345/230kV Transformer 1,2020-09-07 15:29:00,2020-09-07 18:54:00,345.0,230.0,205,Auto,Other,2020,{2020},49487.0
Chief Joseph: 345/230kV Transformer 2,2020-09-07 15:29:00,2020-09-07 19:04:00,345.0,230.0,215,Auto,Other,2020,{2020},49487.0
Snohomish: 345/230kV Transformer 5,2020-09-07 15:29:00,2020-09-07 18:54:00,345.0,230.0,205,Auto,Other,2020,{2020},49487.0
Snohomish: 345/230kV Transformer 6,2020-09-07 15:29:00,2020-09-07 19:04:00,345.0,230.0,215,Auto,Other,2020,{2020},49487.0
Tillamook: 230/115kV Transformer 2,2020-09-07 21:12:00,2020-09-08 03:42:00,230.0,115.0,390,Auto,Other,2020,{2020},49487.0
Celilo: Pole 3 540/240/240kV Transformer,2020-09-11 00:37:00,2020-09-11 12:49:00,540.0,240.0,732,Auto,Equipment Failure,2020,{2020},49487.0
John Day: 500/230kV Transformer 1,2020-10-04 12:13:00,2020-10-12 15:25:00,500.0,230.0,11712,Auto,Equipment Failure,2020,{2020},49487.0
Chief Joseph: 345/230kV Transformer 2,2020-10-13 16:03:00,2020-10-13 23:09:00,345.0,230.0,426,Auto,Other,2020,{2020},49487.0
Snohomish: 345/230kV Transformer 6,2020-10-13 16:03:00,2020-10-13 23:09:00,345.0,230.0,426,Auto,Other,2020,{2020},49487.0
Drummond: 161/115kV Transformer 4,2020-11-13 23:53:00,2020-11-14 04:26:00,161.0,115.0,273,Auto,Unknown,2020,{2020},49487.0
Boundary: 230/115kV Transformer 1,2020-12-22 00:13:00,2020-12-22 02:28:00,230.0,115.0,135,Auto,Foreign Trouble,2020,{2020},49487.0
Addy: 230/115kV Transformer 3,2021-01-12 08:22:00,2021-01-12 10:23:00,230.0,115.0,121,Auto,Other,2021,{2021},49487.0
Maple Valley: 345/230kV Transformer 1,2021-01-13 00:14:00,2021-01-13 00:53:00,345.0,230.0,39,Auto,Other,2021,{2021},49487.0
Rocky Reach: 345/230kV Transformer 1,2021-01-13 00:14:00,2021-01-13 00:53:00,345.0,230.0,39,Auto,Other,2021,{2021},49487.0
Chief Joseph: 345/230kV Transformer 1,2021-02-08 22:55:00,2021-02-08 23:03:00,345.0,230.0,8,Auto,Other,2021,{2021},49487.0
Snohomish: 345/230kV Transformer 5,2021-02-08 22:55:00,2021-02-08 23:03:00,345.0,230.0,8,Auto,Other,2021,{2021},49487.0
Maple Valley: 345/230kV Transformer 1,2021-02-12 23:34:00,2021-02-13 11:54:00,345.0,230.0,740,Auto,Other,2021,{2021},49487.0
Rocky Reach: 345/230kV Transformer 1,2021-02-12 23:34:00,2021-02-13 11:54:00,345.0,230.0,740,Auto,Other,2021,{2021},49487.0
Central Ferry: 500/230kV Transformer 1,2021-02-13 03:22:00,2021-02-13 09:18:00,500.0,230.0,356,Auto,Equipment Failure,2021,{2021},49487.0
Aberdeen: 230/115kV Transformer 4,2021-03-05 08:19:00,2021-03-05 14:59:00,230.0,115.0,400,Auto,Other,2021,{2021},49487.0
Tahkenitch: 230/115kV Transformer 1,2021-03-28 11:52:00,2021-03-28 21:17:00,230.0,115.0,565,Auto,Other,2021,{2021},49487.0
Sacheen: 230/115kV Transformer 1,2021-03-28 16:26:00,2021-03-28 18:21:00,230.0,115.0,115,Auto,Other,2021,{2021},49487.0
Ponderosa: 500/230kV Transformer 2,2021-04-18 17:38:00,2021-04-18 18:11:00,500.0,230.0,33,Auto,Other,2021,{2021},49487.0
Garrison: 500/230kV Transformer 1,2021-05-02 22:18:00,2021-05-03 00:13:00,500.0,230.0,115,Auto,Equipment Failure,2021,{2021},49487.0
Sacheen: 230/115kV Transformer 1,2021-06-15 02:10:00,2021-06-15 02:13:00,230.0,115.0,3,Auto,Other,2021,{2021},49487.0
Maple Valley: 345/230kV Transformer 1,2021-07-04 15:33:00,2021-07-04 20:28:00,345.0,230.0,295,Auto,Unknown,2021,{2021},49487.0
Rocky Reach: 345/230kV Transformer 1,2021-07-04 15:33:00,2021-07-04 20:28:00,345.0,230.0,295,Auto,Unknown,2021,{2021},49487.0
East Omak: 230/115kV Transformer 1,2021-07-07 12:48:00,2021-07-07 18:17:00,230.0,115.0,329,Auto,Lightning,2021,{2021},49487.0
Ponderosa: 500/230kV Transformer 2,2021-07-10 13:24:00,2021-07-10 13:28:00,500.0,230.0,4,Auto,Weather,2021,{2021},49487.0
Addy: 230/115kV Transformer 3,2021-07-16 20:13:00,2021-07-17 00:16:00,230.0,115.0,243,Auto,Unknown,2021,{2021},49487.0
Allston: 230/115kV Transformer 3,2021-07-19 14:51:00,2021-07-19 15:22:00,230.0,115.0,31,Auto,Other,2021,{2021},49487.0
Allston: 500/230kV Transformer 2,2021-07-19 14:51:00,2021-07-19 15:22:00,500.0,230.0,31,Auto,Other,2021,{2021},49487.0
Chief Joseph: 345/230kV Transformer 2,2021-08-03 18:37:00,2021-08-12 13:50:00,345.0,230.0,12673,Auto,Other,2021,{2021},49487.0
Snohomish: 345/230kV Transformer 6,2021-08-03 18:37:00,2021-08-12 13:50:00,345.0,230.0,12673,Auto,Other,2021,{2021},49487.0
Addy: 230/115kV Transformer 3,2021-08-04 02:56:00,2021-08-04 03:25:00,230.0,115.0,29,Auto,Other,2021,{2021},49487.0
Pearl: 500/230kV Transformer 2,2021-08-26 11:33:00,2021-08-26 15:25:00,500.0,230.0,232,Auto,Equipment Failure,2021,{2021},49487.0
Addy: 230/115kV Transformer 3,2021-09-04 09:50:00,2021-09-04 13:05:00,230.0,115.0,195,Auto,Other,2021,{2021},49487.0
Tillamook: 230/115kV Transformer 2,2021-09-08 10:53:00,2021-09-12 09:54:00,230.0,115.0,5701,Auto,Other,2021,{2021},49487.0
Addy: 230/115kV Transformer 3,2021-09-08 18:52:00,2021-09-08 21:18:00,230.0,115.0,146,Auto,Other,2021,{2021},49487.0
Pearl: 500/230kV Transformer 1,2021-09-18 01:08:00,2021-09-18 11:37:00,500.0,230.0,629,Auto,Unknown,2021,{2021},49487.0
Allston: 500/230kV Transformer 1,2021-09-18 20:35:00,2021-09-18 21:06:00,500.0,230.0,31,Auto,Equipment Failure,2021,{2021},49487.0
Alvey: 230/115kV Transformer 3,2021-10-16 16:14:00,2021-10-16 17:38:00,230.0,115.0,84,Auto,Unknown,2021,{2021},49487.0
Alvey: 230/115kV Transformer 4,2021-10-16 16:14:00,2021-10-16 17:39:00,230.0,115.0,85,Auto,Unknown,2021,{2021},49487.0
Maple Valley: 500/230kV Transformer 2,2021-10-23 11:40:00,2021-10-23 15:13:00,500.0,230.0,213,Auto,Other,2021,{2021},49487.0
Sacajawea: 500/115kV Transformer 1,2021-10-25 12:27:00,2021-10-25 12:56:00,500.0,115.0,29,Auto,Unknown,2021,{2021},49487.0
Ponderosa: 500/230kV Transformer 1,2021-11-13 02:18:00,2021-11-13 10:04:00,500.0,230.0,466,Auto,Unknown,2021,{2021},49487.0
Swan Valley: 161/115kV Transformer 3,2021-11-30 11:48:00,2021-11-30 13:50:00,161.0,115.0,122,Auto,Other,2021,{2021},49487.0
Drummond: 161/115kV Transformer 4,2021-12-06 18:00:00,2021-12-06 18:04:00,161.0,115.0,4,Auto,Weather,2021,{2021},49487.0
Drummond: 161/115kV Transformer 4,2021-12-06 18:35:00,2021-12-06 18:37:00,161.0,115.0,2,Auto,Weather,2021,{2021},49487.0
